<yas>
    <scene root="initial" axis_length= "10" />
    <views default="perspective1">
        <perspective id="perspective1" near="1" far="250" angle="90">
            <from x="50" y="50" z="50" />
            <to x="0" y="0" z="0" />
        </perspective>
        <ortho id="ortho1" near="1" far="50" left="-3" right="3" top="3" bottom="-3">
            <position x="5" y="5" z="5"/>
            <target x="0" y="0" z="0"/>
            <up x="0" y="1" z="0"/>
        </ortho>
    </views>
    <ambient>
        <ambient r="0.3" g="0.3" b="0.3" a="0.3" />
        <background r="0" g="0.1" b="0.5" a="0.3" />
    </ambient>
    <lights>
        <omni id="first" enabled="0">
            <location x="15" y="2" z="5" w="0.1" />
            <ambient r="0.3" g="0.3" b="0.3" a="1" />
            <diffuse r="0.5" g="0.5" b="0.5" a="1" />
            <specular r="0.7" g="0.7" b="0.7" a="1" />
        </omni>
        <omni id="second" enabled="1">
            <location x="10" y="5" z="12" w="0.3" />
            <ambient r="0.3" g="0.3" b="0.3" a="0.2" />
            <diffuse r="0.5" g="0.5" b="0.5" a="0.4" />
            <specular r="0.7" g="0.7" b="0.7" a="0.6" />
        </omni>
        <spot id="spot" enabled="0" angle="30" exponent="3">
            <location x="5" y="2" z="1" />
            <target x="4" y="4" z="6" />
            <ambient r="0.3" g="0.3" b="0.3" a="0.3" />
            <diffuse r="0.5" g="0.5" b="0.5" a="0.3" />
            <specular r="0.7" g="0.7" b="0.7" a="0.3" />
        </spot>
    </lights>
    <textures>
        <texture id="1st" file="./scenes/images/trunk-image.jpg" />
        <texture id="relva" file="./scenes/images/leaves.jpg" />
        <texture id="d_simps" file="./scenes/images/d_simpsons.jpg" />
        <texture id="folhas" file="./scenes/images/arvore.jpg"/>
        <texture id="madeira" file="./scenes/images/madeira.jpg" />
        <texture id="wood" file="./scenes/images/wood.png" />
        <texture id="petal" file="./scenes/images/petal.png" />
        <texture id="pratos" file="./scenes/images/prato.jpg" />
        <texture id="rochas" file="./scenes/images/toCone.jpg" />
        <texture id="BW" file="./scenes/images/map_BW.jpg" />
        <texture id="terrain_tex" file="./scenes/images/map_terrain.png" />
        <texture id="water_tex" file="./scenes/images/water.jpg" />
        <texture id="water_BW" file="./scenes/images/water_BW.jpg" />
    </textures>
    <materials>
        <material id="metal" shininess = "100">
            <emission r="0.3" g="0.3" b="0.3" a="1" />
            <ambient r="0.3" g="0.3" b="0.3" a="1" />
            <diffuse r="0.5" g="0.5" b="0.5" a="1" />
            <specular r="0.7" g="0.7" b="0.7" a="1" />
        </material>
        <material id="green" shininess = "100">
            <emission r="0" g="0.3" b="0" a="1" />
            <ambient r="0" g="0.3" b="0" a="1" />
            <diffuse r="0" g="0.5" b="0" a="1" />
            <specular r="0" g="0.7" b="0" a="1" />
        </material>
    </materials>
    <transformations>
        <transformation id="trans1">
            <translate x="0" y="0" z="0.5" />
        </transformation>
        <transformation id="trans2">
            <translate x="0" y="0" z="-0.5" />
            <rotate axis="x" angle="180" />
        </transformation>
        <transformation id="trans3">
            <translate x="0" y="0.5" z="0" />
            <rotate axis="x" angle="-90" />
        </transformation>
        <transformation id="trans4">
            <translate x="0" y="-0.5" z="0" />
            <rotate axis="x" angle="90" />
        </transformation>
        <transformation id="trans5">
            <translate x="0.5" y="0" z="0" />
            <rotate axis="y" angle="90" />
        </transformation>
        <transformation id="trans6">
            <translate x="-0.5" y="0" z="0" />
            <rotate axis="y" angle="-90" />
        </transformation>
    </transformations>


    <animations>
        <!-- O bloco animations pode ser vazio, isto é, pode -->
        <!-- não ser declarada qualquer animação, linear ou circular -->
        <!-- Span é o tempo, em segundos, que a animação deve demorar -->
        <linear id="lin" span="20">
            <!-- devem existir pelo menos dois pontos de controlo -->
            <controlpoint xx="0" yy="0" zz="0" />
            <controlpoint xx="0" yy="0" zz="10" />
            <controlpoint xx="10" yy="0" zz="10" />
            <controlpoint xx="10" yy="0" zz="0" />
            <controlpoint xx="0" yy="0" zz="0" />
        </linear>
        <linear id="lin2" span="20">
            <!-- devem existir pelo menos dois pontos de controlo -->
            <controlpoint xx="0" yy="0" zz="0" />
            <controlpoint xx="1" yy="0" zz="0" />
            <controlpoint xx="1" yy="1" zz="0" />

        </linear>
        <!-- center corresponde ao ponto que serve -->
        <!-- de centro da animação circular -->
        <!-- radius corresponde ao raio da rotacao -->
        <!-- para a animação circular -->
        <!-- startang e rotang correspondem, nomeadamente, -->
        <!-- ao angulo inicial (em graus) e -->
        <!-- total de rotação (em graus) -->
        <circular id="circ" span="10" center="0 0 0" radius="20" startang="90" rotang="0" />
    </animations>

    <primitives>
        <primitive id="rect">
            <rectangle x1="-0.5" y1="-0.5" x2="0.5" y2="0.5" />
        </primitive >
        <primitive id="tri">
            <triangle x1="-0.5" y1="-0.5" z1="0" x2="0.5" y2="-0.5" z2="0" x3="-0.5" y3="0.5" z3="0" />
        </primitive>
        <primitive id="tor">
            <torus inner="1" outer="3" slices="30" loops="30" />
        </primitive>
        <primitive id="cyl">
            <cylinder base="1" top="1" height="0.1" slices="30" stacks="30" />
        </primitive>
        <primitive id="cone">
            <cylinder base="0.5" top="0" height="1" slices="30" stacks="30" />
        </primitive>
        <primitive id="sph">
            <sphere radius="2" slices="30" stacks="30" />
        </primitive>
        <primitive id="plane">
            <plane npartsU="48" npartsV="48" />
        </primitive>
        <primitive id="patch">
            <!-- Nova primitiva: patch, gerada por NURBS -->
            <!-- — parâmetros: -->
            <!-- — npartsU: divisão em partes no domínio U a -->
            <!-- ser usada para o cálculo da superfície -->
            <!-- — npartsV: divisão em partes no domínio V -->
            <!-- a ser usada para o cálculo da superficie -->
            <!-- - o número de pontos de controlo dentro da -->
            <!-- primitiva patch é npointsU * npointsV -->
            <patch npointsU="1" npointsV="1" npartsU="5" npartsV="5">
                <controlpoint xx="-2" yy="-2" zz="0" />
                <controlpoint xx="-2" yy="2" zz="0" />
                <controlpoint xx="2" yy="-2" zz="0" />
                <controlpoint xx="2" yy="2" zz="0" />
            </patch>
        </primitive>
        <primitive id="vehicle">
            <!-- — Nova primitiva: cilindro baseado em NURBS -->
            <!-- parâmetros iguais ao cilindro original -->
            <vehicle />
        </primitive>
        <primitive id="cyl2">
            <!-- — Nova primitiva: cilindro baseado em NURBS -->
            <!-- parâmetros iguais ao cilindro original -->
            <cylinder2 base="1" top="1" height="0.1" slices="30" stacks="30" />
        </primitive>
        <primitive id="terrain">
            <!-- Nova primitiva: terreno baseado em shaders -->
            <!-- parametros: -->
            <!-- id da textura que deve ser visualizada sobre o terreno
            (dimensões devem ser potências de 2) -->
            <!-- id da textura que deve ser usada como mapa de alturas
            para formar o terreno (dimensões devem ser potencias de
            2) -->
            <!-- numero de divisoes em s e t (parts=”5” => plano com 5x5
            divisoes -->
            <!-- fator de escala das alturas -->
            <terrain idtexture="terrain_tex" idheightmap="BW" parts="50" heightscale="0.2"/>
        </primitive>
        <primitive id="water">
            <water idtexture="water_tex" idwavemap="water_BW" parts="20" heightscale="1" texscale="1"/>
        </primitive>
    </primitives >
    <components>
        <component id="initial">
            <transformation>
                <translate x="0" y="0" z="0" />
            </transformation>
            <children>
                <!-- <componentref id="table_w_food" />
                <componentref id="tree1" />
                <componentref id="tree2" />
                <componentref id="tree3" />
                <componentref id="tree4" />
                <componentref id="floor" />
                <componentref id="flor1" />
                <componentref id="flor2" />
                <componentref id="flor3" />
                <componentref id="cone" /> -->
                <componentref id="terrain" />
                <componentref id="water" /> 
                <componentref id="vehicle" />
            </children>
        </component>
        <component id="face1">
            <!-- Uma "component" e' um objeto composto e pode ser -->
            <!-- usada em nos intermédios -->
            <!-- bloco "transformation" e' obrigatorio -->
            <transformation>
                <!-- deve conter uma referencia a uma das "transformation" -->
                <!-- declaradas anteriormente -->
                <transformationref id="trans1" />
                <!-- ou, ALTERNATIVAMENTE, transformacoes explicitas, -->
                <!-- usando zero ou mais das instrucoes seguintes, sem -->
                <!-- limite nem ordem -->
                <!-- ex: bloco transformation pode ficar sem conteudo -->
                <!-- <translate x="ff" y="ff" z="ff" />
                <rotate axis="cc" angle="ff" />
                <scale x="ff" y="ff" z="ff" /> -->
            </transformation>
            <!-- declaracao obrigatoria de pelo menos um material; -->
            <!-- o material id="inherit", mantem (herda) material do "pai" -->
            <!-- se varios materiais declarados, o default e' o -->
            <!-- primeiro material; de cada vez que se pressione a tecla m/M, -->
            <!-- o material muda para o proximo material da lista; do -->
            <!-- ultimo material da lista volta ao primeiro -->
            <materials>
                <material id="metal" />
            </materials>
            <!-- declaracao obrigatoria de texture -->
            <!-- id="inherit" mantem (herda) a textura do objecto "pai" -->
            <!-- id="none" remove a textura recebida do pai -->
            <!-- a textura declarada sobrepoe a textura recebida do -->
            <!-- objecto "pai" -->
            <!-- length_s e length_t sao fatores de escala de textura:-->
            <!-- Exemplo length_s=3.0: uma ocorrencia da textura, em -->
            <!-- comprimento, deve cobrir um comprimento igual -->
            <!-- a 3 unidades; -->
            <!-- Exemplo length_t=0.4, uma ocorrencia da textura, em -->
            <!-- largura, deve cobrir uma largura igual a 0.4 unidades. -->
            <!-- E' permitido que objetos afetados por Transf. Geometr. -->
            <!-- do tipo escalamento violem esta regra. -->
            <!-- Nao e' necessario aplicar fatores de escala em -->
            <!-- quadricas (esfera, cilindro...) -->
            <texture id="inherit" length_s="1" length_t="1" />
            <!-- bloco "children" obrigatorio num "component" -->
            <children>
                <!-- deve existir uma ou mais tags "componentref" e/ou -->
                <!-- "primitiveref", identificando outros -->
                <!-- componentes ou primitivas -->
                <!-- <componentref id="ss" /> -->
                <primitiveref id="rect" />
            </children>
        </component>
        <component id="face2">
            <transformation>
                <transformationref id="trans2" />
            </transformation>
            <materials>
                <material id="metal" />
            </materials>
            <texture id="inherit" length_s="1" length_t="1" />
            <children>
                <primitiveref id="rect" />
            </children>
        </component>
        <component id="face3">
            <transformation>
                <transformationref id="trans3" />
            </transformation>
            <materials>
                <material id="metal" />
            </materials>
            <texture id="inherit" length_s="1" length_t="1" />
            <children>
                <primitiveref id="rect" />
            </children>
        </component>
        <component id="face4">
            <transformation>
                <transformationref id="trans4" />
            </transformation>
            <materials>
                <material id="metal" />
            </materials>
            <texture id="inherit" length_s="1" length_t="1" />
            <children>
                <primitiveref id="rect" />
            </children>
        </component>
        <component id="face5">
            <transformation>
                <transformationref id="trans5" />
            </transformation>
            <materials>
                <material id="metal" />
            </materials>
            <texture id="inherit" length_s="1" length_t="1" />
            <children>
                <primitiveref id="rect" />
            </children>
        </component>
        <component id="face6">
            <transformation>
                <transformationref id="trans6" />
            </transformation>
            <materials>
                <material id="metal" />
            </materials>
            <texture id="inherit" length_s="1" length_t="1" />
            <children>
                <primitiveref id="rect" />
            </children>
        </component>
        <component id="cubo">
            <transformation>
                <translate x="0" y="0" z="0" />
            </transformation>
            <materials>
                <material id="metal" />
            </materials>
            <texture id="inherit" length_s="0.1" length_t="0.1" />
            <children>
                <componentref id="face1" />
                <componentref id="face2" />
                <componentref id="face3" />
                <componentref id="face4" />
                <componentref id="face5" />
                <componentref id="face6" />
            </children>
        </component>
        <component id="top">
            <transformation>
                <scale x="5" y="0.3" z="3" />
                <translate x="0.5" y="12.15" z="0.5" />
            </transformation>
            <materials>
                <material id="metal" />
            </materials>
            <texture id="madeira" length_s="0.5" length_t="0.5" />
            <children>
                <componentref id="cubo" />
            </children>
        </component>
        <component id="leg1">
            <transformation>
                <scale x="0.3" y="3.5" z="0.3" />
                <translate x="0.5" y="0.5" z="0.5" />
            </transformation>
            <materials>
                <material id="metal" />
            </materials>
            <texture id="madeira" length_s="1" length_t="1" />
            <children>
                <componentref id="cubo" />
            </children>
        </component>
        <component id="leg2">
            <transformation>
                <scale x="0.3" y="3.5" z="0.3" />
                <translate x="16.2" y="0.5" z="0.5" />
            </transformation>
            <materials>
                <material id="metal" />
            </materials>
            <texture id="madeira" length_s="1" length_t="1" />
            <children>
                <componentref id="cubo" />
            </children>
        </component>
        <component id="leg3">
            <transformation>
                <scale x="0.3" y="3.5" z="0.3" />
                <translate x="16.2" y="0.5" z="9.5" />
            </transformation>
            <materials>
                <material id="metal" />
            </materials>
            <texture id="madeira" length_s="1" length_t="1" />
            <children>
                <componentref id="cubo" />
            </children>
        </component>
        <component id="leg4">
            <transformation>
                <scale x="0.3" y="3.5" z="0.3" />
                <translate x="0.5" y="0.5" z="9.5" />
            </transformation>
            <materials>
                <material id="metal" />
            </materials>
            <texture id="madeira" length_s="1" length_t="1" />
            <children>
                <componentref id="cubo" />
            </children>
        </component>
        <component id="table">
            <transformation>
                <translate x="0" y="0" z="0" />
            </transformation>
            <materials>
                <material id="metal" />
            </materials>
            <texture id="none" length_s="1" length_t="1" />
            <children>
                <componentref id="top" />
                <componentref id="leg1" />
                <componentref id="leg2" />
                <componentref id="leg3" />
                <componentref id="leg4" />
            </children>
        </component>
        <component id="tamp_chair">
            <transformation>
                <scale x="3.5" y="0.16" z="1" />
                <translate x="0.7" y="10.9" z="4.1" />
            </transformation>
            <materials>
                <material id="metal" />
            </materials>
            <texture id="madeira" length_s="1" length_t="1" />
            <children>
                <componentref id="cubo" />
            </children>
        </component>
        <component id="base_chair">
            <transformation>
                <scale x="3.5" y="1.7" z="0.4" />
                <translate x="0.7" y="0.5" z="11" />
            </transformation>
            <materials>
                <material id="metal" />
            </materials>
            <texture id="madeira" length_s="1" length_t="1" />
            <children>
                <componentref id="cubo" />
            </children>
        </component>
        <component id="chair1">
            <transformation>
                <translate x="0" y="0" z="0" />
            </transformation>
            <materials>
                <material id="metal" />
            </materials>
            <texture id="none" length_s="1" length_t="1" />
            <children>
                <componentref id="base_chair" />
                <componentref id="tamp_chair" />
            </children>
        </component>
        <component id="chair2">
            <transformation>
                <translate x="5" y="0" z="3" />
                <rotate axis="y" angle="180"/>
            </transformation>
            <materials>
                <material id="metal" />
            </materials>
            <texture id="none" length_s="1" length_t="1" />
            <children>
                <componentref id="base_chair" />
                <componentref id="tamp_chair" />
            </children>
        </component>
        <component id="donut">
            <transformation>
                <translate x="4" y="4" z="1" />
                <rotate axis="x" angle="90" />
                <scale x="0.15" y="0.15" z="0.15" />
            </transformation>
            <materials>
                <material id="metal" />
            </materials>
            <texture id="d_simps" length_s="1" length_t="1" />
            <children>
                <primitiveref id="tor" />
            </children>
        </component>
        <component id="plate">
            <transformation>
                <translate x="4" y="3.9" z="1" />
                <rotate axis="x" angle="90" />
                <scale x="0.6" y="0.6" z="0.9" />
            </transformation>
            <materials>
                <material id="metal" />
            </materials>
            <texture id="pratos" length_s="1" length_t="1" />
            <children>
                <primitiveref id="cyl" />
            </children>
        </component>
        <component id="donut_plate1">
            <transformation>
                <translate x="-2.5" y="0" z="-0.3" />
            </transformation>
            <materials>
                <material id="metal" />
            </materials>
            <texture id="none" length_s="1" length_t="1" />
            <children>
                <componentref id="donut" />
                <componentref id="plate" />
            </children>
        </component>
        <component id="donut_plate2">
            <transformation>
                <translate x="-0.5" y="0" z="-0.3" />
            </transformation>
            <materials>
                <material id="metal" />
            </materials>
            <texture id="none" length_s="1" length_t="1" />
            <children>
                <componentref id="donut" />
                <componentref id="plate" />
            </children>
        </component>
        <component id="donut_plate3">
            <transformation>
                <translate x="-2.5" y="0" z="1" />
            </transformation>
            <materials>
                <material id="metal" />
            </materials>
            <texture id="none" length_s="1" length_t="1" />
            <children>
                <componentref id="donut" />
                <componentref id="plate" />
            </children>
        </component>
        <component id="donut_plate4">
            <transformation>
                <translate x="-0.5" y="0" z="1.2" />
            </transformation>
            <materials>
                <material id="metal" />
            </materials>
            <texture id="none" length_s="1" length_t="1" />
            <children>
                <componentref id="donut" />
                <componentref id="plate" />
            </children>
        </component>
        <component id="tronco">
            <transformation>
                <translate x="0" y="0" z="5" />
                <rotate axis="x" angle="-90"/>
                <scale x="0.8" y="0.8" z="60" />
            </transformation>
            <materials>
                <material id="metal" />
                <material id="green" />
            </materials>
            <texture id="1st" length_s="1" length_t="1" />
            <children>
                <primitiveref id="cyl" />
            </children>
        </component>
        <component id="parte_cima">
            <transformation>
                <translate x="0" y="7" z="5" />
                <scale x="1.3" y="1.3" z="1.3" />
            </transformation>
            <materials>
                <material id="metal" />
            </materials>
            <texture id="folhas" length_s="1" length_t="1" />
            <children>
                <primitiveref id="sph" />
            </children>
        </component>
        <component id="tree1">
            <transformation>
                <translate x="1" y="0" z="6" />
            </transformation>
            <materials>
                <material id="metal" />
            </materials>
            <texture id="none" length_s="1" length_t="1" />
            <children>
                <componentref id="tronco" />
                <componentref id="parte_cima" />
            </children>
        </component>
        <component id="tree2">
            <transformation>
                <translate x="0" y="0" z="-4" />
            </transformation>
            <materials>
                <material id="metal" />
            </materials>
            <texture id="none" length_s="1" length_t="1" />
            <children>
                <componentref id="tree1" />
            </children>
        </component>
        <component id="tree3">
            <transformation>
                <translate x="0" y="0" z="-8" />
            </transformation>
            <materials>
                <material id="metal" />
            </materials>
            <texture id="none" length_s="1" length_t="1" />
            <children>
                <componentref id="tree1" />
            </children>
        </component>
        <component id="tree4">
            <transformation>
                <translate x="4" y="0" z="-10" />
            </transformation>
            <materials>
                <material id="metal" />
            </materials>
            <texture id="none" length_s="1" length_t="1" />
            <children>
                <componentref id="tree1" />
            </children>
        </component>
        <component id="floor">
            <transformation>
                <rotate axis="x" angle="-90"/>
                <scale x="12" y="14" z="0" />
                <translate x="0.5" y="-0.5" z="-0.5" />
            </transformation>
            <materials>
                <material id="metal" />
            </materials>
            <texture id="relva" length_s="1" length_t="1" />
            <children>
                <primitiveref id="rect" />
            </children>
        </component>
        <component id="table_w_food">
            <transformation>
                <translate x="5" y="0" z="4" />
            </transformation>
            <materials>
                <material id="none" />
            </materials>
            <texture id="none" length_s="1" length_t="1" />
            <children>
                <componentref id="table" />
                <componentref id="chair1" />
                <componentref id="chair2" />
                <componentref id="donut_plate1" />
                <componentref id="donut_plate2" />
                <componentref id="donut_plate3" />
                <componentref id="donut_plate4" />
            </children>
        </component>
        <component id="centro">
            <transformation>
                <scale x="0.2" y="0.2" z="0.2" />
            </transformation>
            <materials>
                <material id="green" />
            </materials>
            <texture id="none" length_s="1" length_t="1" />
            <children>
                <primitiveref id="cyl" />
            </children>
        </component>
        <component id="raiz">
            <transformation>
                <translate x="0" y="-0.2" z="0" />
                <rotate axis="x" angle="90" />
                <scale x="0.05" y="0.05" z="17" />
            </transformation>
            <materials>
                <material id="green" />
                <material id="metal" />
            </materials>
            <texture id="none" length_s="1" length_t="1" />
            <children>
                <primitiveref id="cyl" />
            </children>
        </component>
        <component id="pet1">
            <transformation>
                <translate x="0" y="0.4" z="0" />
                <scale x="0.15" y="0.25" z="0.25" />
            </transformation>
            <materials>
                <material id="metal" />
            </materials>
            <texture id="petal" length_s="1" length_t="1" />
            <children>
                <primitiveref id="cyl" />
            </children>
        </component>
        <component id="pet2">
            <transformation>
                <rotate axis="z" angle="51" />
            </transformation>
            <materials>
                <material id="metal" />
            </materials>
            <texture id="1st" length_s="1" length_t="1" />
            <children>
                <componentref id="pet1" />
            </children>
        </component>
        <component id="pet3">
            <transformation>
                <rotate axis="z" angle="102" />
            </transformation>
            <materials>
                <material id="metal" />
            </materials>
            <texture id="1st" length_s="1" length_t="1" />
            <children>
                <componentref id="pet1" />
            </children>
        </component>
        <component id="pet4">
            <transformation>
                <rotate axis="z" angle="153" />
            </transformation>
            <materials>
                <material id="metal" />
            </materials>
            <texture id="1st" length_s="1" length_t="1" />
            <children>
                <componentref id="pet1" />
            </children>
        </component>
        <component id="pet5">
            <transformation>
                <rotate axis="z" angle="204" />
            </transformation>
            <materials>
                <material id="metal" />
            </materials>
            <texture id="1st" length_s="1" length_t="1" />
            <children>
                <componentref id="pet1" />
            </children>
        </component>
        <component id="pet6">
            <transformation>
                <rotate axis="z" angle="255" />
            </transformation>
            <materials>
                <material id="metal" />
            </materials>
            <texture id="1st" length_s="1" length_t="1" />
            <children>
                <componentref id="pet1" />
            </children>
        </component>
        <component id="pet7">
            <transformation>
                <rotate axis="z" angle="306" />
            </transformation>
            <materials>
                <material id="metal" />
            </materials>
            <texture id="1st" length_s="1" length_t="1" />
            <children>
                <componentref id="pet1" />
            </children>
        </component>
        <component id="flor1">
            <transformation>
                <translate x="6" y="2" z="13" />
            </transformation>
            <materials>
                <material id="metal" />
            </materials>
            <texture id="none" length_s="1" length_t="1" />
            <children>
                <componentref id="centro" />
                <componentref id="pet1" />
                <componentref id="pet2" />
                <componentref id="pet3" />
                <componentref id="pet4" />
                <componentref id="pet5" />
                <componentref id="pet6" />
                <componentref id="pet7" />
                <componentref id="raiz" />
            </children>
        </component>
        <component id="flor2">
            <transformation>
                <translate x="-1.5" y="0" z="0.5" />
            </transformation>
            <materials>
                <material id="metal" />
            </materials>
            <texture id="1st" length_s="1" length_t="1" />
            <children>
                <componentref id="flor1" />
            </children>
        </component>
        <component id="flor3">
            <transformation>
                <translate x="1.5" y="0" z="0.5" />
            </transformation>
            <materials>
                <material id="metal" />
            </materials>
            <texture id="1st" length_s="1" length_t="1" />
            <children>
                <componentref id="flor1" />
            </children>
        </component>
        <component id="cone">
            <transformation>
                <scale x="2" y="4.5" z="2" />
                <translate x="5" y="0" z="6" />
                <rotate axis="x" angle="-90" />
            </transformation>
            <materials>
                <material id="metal" />
            </materials>
            <texture id="rochas" length_s="1" length_t="1" />
            <children>
                <primitiveref id="cone" />
            </children>
        </component>
        <component id="triangulo">
            <transformation>
                <translate x="5" y="0" z="6" />
            </transformation>
            <!-- bloco "animations" e' opcional -->
            <!-- as transformacoes resultantes da animacao devem -->
            <!-- declarar-se imediatamente após as transformacoes -->
            <!-- do componente -->
            <animations>
                <!-- pode conter zero ou mais referencias a "animations" -->
                <!-- declaradas anteriormente e que serão executadas em -->
                <!-- sequencia. Este elemento e' opcional -->
                <animationref id="lin" />

            </animations>
            <materials>
                <material id="metal" />
            </materials>
            <texture id="rochas" length_s="1" length_t="1" />
            <children>
                <primitiveref id="tri" />
            </children>
        </component>
        <component id="terrain">
            <transformation>
                <translate x="0" y="-0.2" z="0" />
                <scale x="75" y="50" z="100" />
            </transformation>
            <animations>
            </animations>
            <materials>
                <material id="metal" />
            </materials>
            <texture id="none" length_s="1" length_t="1" />
            <children>
                <primitiveref id="terrain" />
            </children>
        </component>
         <component id="water">
            <transformation>
                <translate  x="0" y="-5" z="0" />
                <scale x="150" y="10" z="150" />
            </transformation>
            <animations>
            </animations>
            <materials>
                <material id="metal" />
            </materials>
            <texture id="none" length_s="1" length_t="1" />
            <children>
                <primitiveref id="water" />
            </children>
        </component>
        <component id="vehicle">
            <transformation>
                <translate  x="0" y="20" z="0" />
            </transformation>
            <animations>
                <!-- pode conter zero ou mais referencias a "animations" -->
                <!-- declaradas anteriormente e que serão executadas em -->
                <!-- sequencia. Este elemento e' opcional -->
                <animationref id="lin" />
                <animationref id="circ" />

            </animations>
            <materials>
                <material id="metal" />
            </materials>
            <texture id="none" length_s="1" length_t="1" />
            <children>
                <primitiveref id="vehicle" />
            </children>
        </component>
    </components>
</yas>
